{
  "BTCUSDT": {
    "priceUSD": 92341.65,
    "qty": {
      "$1000": 0.010829349486391028,
      "$100000": 1.082934948639103,
      "$500000": 5.414674743195514,
      "$1000000": 10.829349486391028,
      "$2000000": 21.658698972782055,
      "$5000000": 54.14674743195514
    }
  },
  "ETHUSDT": {
    "priceUSD": 1746,
    "qty": {
      "$1000": 0.572737686139748,
      "$100000": 57.2737686139748,
      "$500000": 286.368843069874,
      "$1000000": 572.737686139748,
      "$2000000": 1145.475372279496,
      "$5000000": 2863.68843069874
    }
  },
  "DOGEUSDT": {
    "priceUSD": 0.17319,
    "qty": {
      "$1000": 5774.005427565102,
      "$100000": 577400.5427565102,
      "$500000": 2887002.7137825508,
      "$1000000": 5774005.4275651015,
      "$2000000": 11548010.855130203,
      "$5000000": 28870027.137825508
    }
  },
  "PEPEUSDT": {
    "priceUSD": 0.00000846,
    "qty": {
      "$1000": 118203309.69267139,
      "$100000": 11820330969.26714,
      "$500000": 59101654846.33569,
      "$1000000": 118203309692.67139,
      "$2000000": 236406619385.34277,
      "$5000000": 591016548463.3569
    }
  },
  "WBTCUSDT": {
    "priceUSD": 92345.06,
    "qty": {
      "$1000": 0.010828949594055167,
      "$100000": 1.0828949594055166,
      "$500000": 5.414474797027584,
      "$1000000": 10.828949594055167,
      "$2000000": 21.657899188110335,
      "$5000000": 54.14474797027584
    }
  }
}